{
    "media": [],
    "bsdfs": [
        {
            "name": "Backdrop",
            "albedo": 0.1,
            "type": "lambert"
        },
        {
            "name": "RoughAluminium",
            "albedo": 0.578596,
            "type": "rough_conductor",
            "distribution": "ggx",
            "roughness": 0.1,
            "material": "Al"
        },
        {
            "name": "RoughSteel",
            "albedo": 1.0,
            "type": "rough_conductor",
            "distribution": "ggx",
            "roughness": 0.1,
            "eta": 2.0,
            "k": 0.0
        },
        {
            "name": "DarkPlastic",
            "albedo": 0.01,
            "type": "rough_plastic",
            "ior": 1.5,
            "thickness": 1.0,
            "sigma_a": 0.0,
            "distribution": "beckmann",
            "roughness": 0.2
        },
        {
            "name": "PinkLeather",
            "albedo": [
                0.25600001215934753,
                0.013000000268220901,
                0.07999999821186066
            ],
            "type": "rough_plastic",
            "ior": 1.5,
            "thickness": 1.0,
            "sigma_a": 0.0,
            "distribution": "beckmann",
            "roughness": 0.4
        },
        {
            "name": "Leather",
            "albedo": [
                0.03400000184774399,
                0.014000000432133675,
                0.00800000037997961
            ],
            "type": "rough_plastic",
            "ior": 1.5,
            "thickness": 1.0,
            "sigma_a": 0.0,
            "distribution": "beckmann",
            "roughness": 0.4
        },
        {
            "name": "RedLeather",
            "albedo": [
                0.16300000250339508,
                0.029999999329447746,
                0.03700000047683716
            ],
            "type": "rough_plastic",
            "ior": 1.5,
            "thickness": 1.0,
            "sigma_a": 0.0,
            "distribution": "beckmann",
            "roughness": 0.4
        },
        {
            "name": "BrightPinkLeather",
            "albedo": [
                0.7720000147819519,
                0.17499999701976776,
                0.2619999945163727
            ],
            "type": "rough_plastic",
            "ior": 1.5,
            "thickness": 1.0,
            "sigma_a": 0.0,
            "distribution": "beckmann",
            "roughness": 0.4
        },
        {
            "name": "Glass",
            "albedo": 1.0,
            "type": "rough_dielectric",
            "ior": 1.5,
            "distribution": "ggx",
            "enable_refraction": true,
            "roughness": 0.01
        },
        {
            "name": "DarkRubber",
            "albedo": 0.025,
            "type": "rough_plastic",
            "ior": 1.5,
            "thickness": 1.0,
            "sigma_a": 0.0,
            "distribution": "ggx",
            "roughness": 0.4
        },
        {
            "name": "Black",
            "albedo": 1.0,
            "type": "null"
        }
    ],
    "primitives": [
        {
            "transform": {},
            "type": "mesh",
            "smooth": false,
            "backface_culling": false,
            "recompute_normals": false,
            "file": "models/Mesh050.wo3",
            "bsdf": "Backdrop"
        },
        {
            "transform": {},
            "type": "mesh",
            "smooth": false,
            "backface_culling": false,
            "recompute_normals": false,
            "file": "models/Mesh042.wo3",
            "bsdf": "RoughAluminium"
        },
        {
            "transform": {},
            "type": "mesh",
            "smooth": false,
            "backface_culling": false,
            "recompute_normals": false,
            "file": "models/Mesh044.wo3",
            "bsdf": "Leather"
        },
        {
            "transform": {},
            "type": "mesh",
            "smooth": false,
            "backface_culling": false,
            "recompute_normals": false,
            "file": "models/Mesh038.wo3",
            "bsdf": "RoughAluminium"
        },
        {
            "transform": {},
            "type": "mesh",
            "smooth": true,
            "backface_culling": false,
            "recompute_normals": false,
            "file": "models/Mesh040.wo3",
            "bsdf": "RoughAluminium"
        },
        {
            "transform": {},
            "type": "mesh",
            "smooth": true,
            "backface_culling": false,
            "recompute_normals": false,
            "file": "models/Mesh072.wo3",
            "bsdf": "RoughAluminium"
        },
        {
            "transform": {},
            "type": "mesh",
            "smooth": true,
            "backface_culling": false,
            "recompute_normals": false,
            "file": "models/Mesh033.wo3",
            "bsdf": "RoughSteel"
        },
        {
            "transform": {},
            "emission": [
                20.0,
                3.0,
                3.0
            ],
            "type": "mesh",
            "smooth": true,
            "backface_culling": false,
            "recompute_normals": false,
            "file": "models/Mesh043.wo3",
            "bsdf": "Black"
        },
        {
            "transform": {},
            "type": "mesh",
            "smooth": true,
            "backface_culling": false,
            "recompute_normals": false,
            "file": "models/Mesh028.wo3",
            "bsdf": "Leather"
        },
        {
            "transform": {},
            "type": "mesh",
            "smooth": true,
            "backface_culling": false,
            "recompute_normals": false,
            "file": "models/Mesh055.wo3",
            "bsdf": "RedLeather"
        },
        {
            "transform": {},
            "type": "mesh",
            "smooth": true,
            "backface_culling": false,
            "recompute_normals": false,
            "file": "models/Mesh053.wo3",
            "bsdf": "DarkPlastic"
        },
        {
            "transform": {},
            "type": "mesh",
            "smooth": true,
            "backface_culling": false,
            "recompute_normals": false,
            "file": "models/Mesh036.wo3",
            "bsdf": "RedLeather"
        },
        {
            "transform": {},
            "type": "mesh",
            "smooth": true,
            "backface_culling": false,
            "recompute_normals": false,
            "file": "models/Mesh035.wo3",
            "bsdf": "PinkLeather"
        },
        {
            "transform": {},
            "type": "mesh",
            "smooth": true,
            "backface_culling": false,
            "recompute_normals": false,
            "file": "models/Mesh031.wo3",
            "bsdf": "RedLeather"
        },
        {
            "transform": {},
            "type": "mesh",
            "smooth": true,
            "backface_culling": false,
            "recompute_normals": false,
            "file": "models/Mesh030.wo3",
            "bsdf": "PinkLeather"
        },
        {
            "transform": {},
            "type": "mesh",
            "smooth": false,
            "backface_culling": false,
            "recompute_normals": false,
            "file": "models/Mesh027.wo3",
            "bsdf": "RoughAluminium"
        },
        {
            "transform": {},
            "type": "mesh",
            "smooth": false,
            "backface_culling": false,
            "recompute_normals": false,
            "file": "models/Mesh064.wo3",
            "bsdf": "RoughSteel"
        },
        {
            "transform": {},
            "type": "mesh",
            "smooth": true,
            "backface_culling": false,
            "recompute_normals": false,
            "file": "models/Mesh058.wo3",
            "bsdf": "RoughSteel"
        },
        {
            "transform": {},
            "emission": [
                3.886280059814453,
                3.772550106048584,
                3.4313700199127197
            ],
            "type": "mesh",
            "smooth": true,
            "backface_culling": false,
            "recompute_normals": false,
            "file": "models/Mesh029.wo3",
            "bsdf": {
                "albedo": 1.0,
                "type": "null"
            }
        },
        {
            "transform": {},
            "type": "mesh",
            "smooth": true,
            "backface_culling": false,
            "recompute_normals": false,
            "file": "models/Mesh080.wo3",
            "bsdf": "Black"
        },
        {
            "transform": {},
            "type": "mesh",
            "smooth": false,
            "backface_culling": false,
            "recompute_normals": false,
            "file": "models/Mesh067.wo3",
            "bsdf": "RoughAluminium"
        },
        {
            "transform": {},
            "type": "mesh",
            "smooth": true,
            "backface_culling": false,
            "recompute_normals": false,
            "file": "models/Mesh060.wo3",
            "bsdf": "RoughAluminium"
        },
        {
            "transform": {},
            "type": "mesh",
            "smooth": false,
            "backface_culling": false,
            "recompute_normals": false,
            "file": "models/Mesh026.wo3",
            "bsdf": "RoughSteel"
        },
        {
            "transform": {},
            "type": "mesh",
            "smooth": true,
            "backface_culling": false,
            "recompute_normals": false,
            "file": "models/Mesh047.wo3",
            "bsdf": "RoughSteel"
        },
        {
            "transform": {},
            "type": "mesh",
            "smooth": true,
            "backface_culling": false,
            "recompute_normals": false,
            "file": "models/Mesh061.wo3",
            "bsdf": "DarkPlastic"
        },
        {
            "transform": {},
            "type": "mesh",
            "smooth": true,
            "backface_culling": false,
            "recompute_normals": false,
            "file": "models/Mesh063.wo3",
            "bsdf": "DarkRubber"
        },
        {
            "transform": {},
            "type": "mesh",
            "smooth": false,
            "backface_culling": false,
            "recompute_normals": false,
            "file": "models/Mesh065.wo3",
            "bsdf": "RoughAluminium"
        },
        {
            "transform": {},
            "type": "mesh",
            "smooth": true,
            "backface_culling": false,
            "recompute_normals": false,
            "file": "models/Mesh048.wo3",
            "bsdf": "RoughAluminium"
        },
        {
            "transform": {},
            "type": "mesh",
            "smooth": true,
            "backface_culling": false,
            "recompute_normals": false,
            "file": "models/Mesh066.wo3",
            "bsdf": "RoughAluminium"
        },
        {
            "transform": {},
            "type": "mesh",
            "smooth": true,
            "backface_culling": false,
            "recompute_normals": false,
            "file": "models/Mesh068.wo3",
            "bsdf": "DarkRubber"
        },
        {
            "transform": {},
            "type": "mesh",
            "smooth": true,
            "backface_culling": false,
            "recompute_normals": false,
            "file": "models/Mesh071.wo3",
            "bsdf": "RoughSteel"
        },
        {
            "transform": {},
            "type": "mesh",
            "smooth": false,
            "backface_culling": false,
            "recompute_normals": false,
            "file": "models/Mesh046.wo3",
            "bsdf": "RoughAluminium"
        },
        {
            "transform": {},
            "type": "mesh",
            "smooth": false,
            "backface_culling": false,
            "recompute_normals": false,
            "file": "models/Mesh076.wo3",
            "bsdf": "RoughAluminium"
        },
        {
            "transform": {},
            "type": "mesh",
            "smooth": true,
            "backface_culling": false,
            "recompute_normals": false,
            "file": "models/Mesh059.wo3",
            "bsdf": "RoughAluminium"
        },
        {
            "transform": {},
            "type": "mesh",
            "smooth": true,
            "backface_culling": false,
            "recompute_normals": false,
            "file": "models/Mesh057.wo3",
            "bsdf": "RoughAluminium"
        },
        {
            "transform": {},
            "type": "mesh",
            "smooth": false,
            "backface_culling": false,
            "recompute_normals": false,
            "file": "models/Mesh062.wo3",
            "bsdf": "RoughAluminium"
        },
        {
            "transform": {},
            "type": "mesh",
            "smooth": false,
            "backface_culling": false,
            "recompute_normals": false,
            "file": "models/Mesh074.wo3",
            "bsdf": "RoughAluminium"
        },
        {
            "transform": {},
            "type": "mesh",
            "smooth": false,
            "backface_culling": false,
            "recompute_normals": false,
            "file": "models/Mesh075.wo3",
            "bsdf": "RoughAluminium"
        },
        {
            "transform": {},
            "type": "mesh",
            "smooth": false,
            "backface_culling": false,
            "recompute_normals": false,
            "file": "models/Mesh078.wo3",
            "bsdf": "RoughAluminium"
        },
        {
            "transform": {},
            "type": "mesh",
            "smooth": false,
            "backface_culling": false,
            "recompute_normals": false,
            "file": "models/Mesh081.wo3",
            "bsdf": "RoughAluminium"
        },
        {
            "transform": {},
            "type": "mesh",
            "smooth": false,
            "backface_culling": false,
            "recompute_normals": false,
            "file": "models/Mesh034.wo3",
            "bsdf": "RoughAluminium"
        },
        {
            "transform": {},
            "type": "mesh",
            "smooth": false,
            "backface_culling": false,
            "recompute_normals": false,
            "file": "models/Mesh084.wo3",
            "bsdf": "RoughAluminium"
        },
        {
            "transform": {},
            "type": "mesh",
            "smooth": false,
            "backface_culling": false,
            "recompute_normals": false,
            "file": "models/Mesh085.wo3",
            "bsdf": "RoughAluminium"
        },
        {
            "transform": {},
            "type": "mesh",
            "smooth": false,
            "backface_culling": false,
            "recompute_normals": false,
            "file": "models/Mesh073.wo3",
            "bsdf": "RoughAluminium"
        },
        {
            "transform": {},
            "type": "mesh",
            "smooth": false,
            "backface_culling": false,
            "recompute_normals": false,
            "file": "models/Mesh077.wo3",
            "bsdf": "RoughAluminium"
        },
        {
            "transform": {},
            "type": "mesh",
            "smooth": false,
            "backface_culling": false,
            "recompute_normals": false,
            "file": "models/Mesh087.wo3",
            "bsdf": "RoughAluminium"
        },
        {
            "transform": {},
            "type": "mesh",
            "smooth": true,
            "backface_culling": false,
            "recompute_normals": false,
            "file": "models/Mesh052.wo3",
            "bsdf": "RoughAluminium"
        },
        {
            "transform": {},
            "type": "mesh",
            "smooth": false,
            "backface_culling": false,
            "recompute_normals": false,
            "file": "models/Mesh025.wo3",
            "bsdf": "RoughAluminium"
        },
        {
            "transform": {},
            "type": "mesh",
            "smooth": false,
            "backface_culling": false,
            "recompute_normals": false,
            "file": "models/Mesh024.wo3",
            "bsdf": "RoughAluminium"
        },
        {
            "transform": {},
            "type": "mesh",
            "smooth": false,
            "backface_culling": false,
            "recompute_normals": false,
            "file": "models/Mesh086.wo3",
            "bsdf": "RoughAluminium"
        },
        {
            "transform": {},
            "type": "mesh",
            "smooth": true,
            "backface_culling": false,
            "recompute_normals": false,
            "file": "models/Mesh023.wo3",
            "bsdf": "RoughAluminium"
        },
        {
            "transform": {},
            "type": "mesh",
            "smooth": true,
            "backface_culling": false,
            "recompute_normals": false,
            "file": "models/Mesh021.wo3",
            "bsdf": "RoughAluminium"
        },
        {
            "transform": {},
            "type": "mesh",
            "smooth": true,
            "backface_culling": false,
            "recompute_normals": false,
            "file": "models/Mesh039.wo3",
            "bsdf": "RoughAluminium"
        },
        {
            "transform": {},
            "type": "mesh",
            "smooth": true,
            "backface_culling": false,
            "recompute_normals": false,
            "file": "models/Mesh020.wo3",
            "bsdf": "RoughAluminium"
        },
        {
            "transform": {},
            "type": "mesh",
            "smooth": true,
            "backface_culling": false,
            "recompute_normals": false,
            "file": "models/Mesh032.wo3",
            "bsdf": "RoughAluminium"
        },
        {
            "transform": {},
            "type": "mesh",
            "smooth": true,
            "backface_culling": false,
            "recompute_normals": false,
            "file": "models/Mesh019.wo3",
            "bsdf": "RoughSteel"
        },
        {
            "transform": {},
            "type": "mesh",
            "smooth": false,
            "backface_culling": false,
            "recompute_normals": false,
            "file": "models/Mesh018.wo3",
            "bsdf": "RoughAluminium"
        },
        {
            "transform": {},
            "type": "mesh",
            "smooth": false,
            "backface_culling": false,
            "recompute_normals": false,
            "file": "models/Mesh070.wo3",
            "bsdf": "RoughAluminium"
        },
        {
            "transform": {},
            "type": "mesh",
            "smooth": false,
            "backface_culling": false,
            "recompute_normals": false,
            "file": "models/Mesh016.wo3",
            "bsdf": "RoughAluminium"
        },
        {
            "transform": {},
            "type": "mesh",
            "smooth": false,
            "backface_culling": false,
            "recompute_normals": false,
            "file": "models/Mesh015.wo3",
            "bsdf": "RoughAluminium"
        },
        {
            "transform": {},
            "type": "mesh",
            "smooth": false,
            "backface_culling": false,
            "recompute_normals": false,
            "file": "models/Mesh054.wo3",
            "bsdf": "RoughAluminium"
        },
        {
            "transform": {},
            "type": "mesh",
            "smooth": false,
            "backface_culling": false,
            "recompute_normals": false,
            "file": "models/Mesh013.wo3",
            "bsdf": "RoughAluminium"
        },
        {
            "transform": {},
            "type": "mesh",
            "smooth": false,
            "backface_culling": false,
            "recompute_normals": false,
            "file": "models/Mesh079.wo3",
            "bsdf": "RoughAluminium"
        },
        {
            "transform": {},
            "type": "mesh",
            "smooth": false,
            "backface_culling": false,
            "recompute_normals": false,
            "file": "models/Mesh041.wo3",
            "bsdf": "RoughAluminium"
        },
        {
            "transform": {},
            "type": "mesh",
            "smooth": false,
            "backface_culling": false,
            "recompute_normals": false,
            "file": "models/Mesh012.wo3",
            "bsdf": "RoughAluminium"
        },
        {
            "transform": {},
            "type": "mesh",
            "smooth": false,
            "backface_culling": false,
            "recompute_normals": false,
            "file": "models/Mesh011.wo3",
            "bsdf": "RoughAluminium"
        },
        {
            "transform": {},
            "type": "mesh",
            "smooth": false,
            "backface_culling": false,
            "recompute_normals": false,
            "file": "models/Mesh083.wo3",
            "bsdf": "RoughAluminium"
        },
        {
            "transform": {},
            "type": "mesh",
            "smooth": false,
            "backface_culling": false,
            "recompute_normals": false,
            "file": "models/Mesh010.wo3",
            "bsdf": "RoughAluminium"
        },
        {
            "transform": {},
            "type": "mesh",
            "smooth": false,
            "backface_culling": false,
            "recompute_normals": false,
            "file": "models/Mesh069.wo3",
            "bsdf": "RoughAluminium"
        },
        {
            "transform": {},
            "type": "mesh",
            "smooth": false,
            "backface_culling": false,
            "recompute_normals": false,
            "file": "models/Mesh009.wo3",
            "bsdf": "RoughAluminium"
        },
        {
            "transform": {},
            "type": "mesh",
            "smooth": false,
            "backface_culling": false,
            "recompute_normals": false,
            "file": "models/Mesh007.wo3",
            "bsdf": "RoughAluminium"
        },
        {
            "transform": {},
            "type": "mesh",
            "smooth": false,
            "backface_culling": false,
            "recompute_normals": false,
            "file": "models/Mesh017.wo3",
            "bsdf": "RoughAluminium"
        },
        {
            "transform": {},
            "type": "mesh",
            "smooth": false,
            "backface_culling": false,
            "recompute_normals": false,
            "file": "models/Mesh006.wo3",
            "bsdf": "RoughSteel"
        },
        {
            "transform": {},
            "type": "mesh",
            "smooth": true,
            "backface_culling": false,
            "recompute_normals": false,
            "file": "models/Mesh037.wo3",
            "bsdf": "RoughAluminium"
        },
        {
            "transform": {},
            "type": "mesh",
            "smooth": true,
            "backface_culling": false,
            "recompute_normals": false,
            "file": "models/Mesh008.wo3",
            "bsdf": "RoughSteel"
        },
        {
            "transform": {},
            "type": "mesh",
            "smooth": true,
            "backface_culling": false,
            "recompute_normals": false,
            "file": "models/Mesh045.wo3",
            "bsdf": "RoughSteel"
        },
        {
            "transform": {},
            "type": "mesh",
            "smooth": true,
            "backface_culling": false,
            "recompute_normals": false,
            "file": "models/Mesh005.wo3",
            "bsdf": "RoughAluminium"
        },
        {
            "transform": {},
            "type": "mesh",
            "smooth": true,
            "backface_culling": false,
            "recompute_normals": false,
            "file": "models/Mesh004.wo3",
            "bsdf": "RoughAluminium"
        },
        {
            "transform": {},
            "type": "mesh",
            "smooth": true,
            "backface_culling": false,
            "recompute_normals": false,
            "file": "models/Mesh049.wo3",
            "bsdf": "RoughSteel"
        },
        {
            "transform": {},
            "type": "mesh",
            "smooth": true,
            "backface_culling": false,
            "recompute_normals": false,
            "file": "models/Mesh082.wo3",
            "bsdf": "RoughSteel"
        },
        {
            "transform": {},
            "type": "mesh",
            "smooth": true,
            "backface_culling": false,
            "recompute_normals": false,
            "file": "models/Mesh014.wo3",
            "bsdf": "RoughSteel"
        },
        {
            "transform": {},
            "type": "mesh",
            "smooth": false,
            "backface_culling": false,
            "recompute_normals": false,
            "file": "models/Mesh003.wo3",
            "bsdf": "RoughSteel"
        },
        {
            "transform": {},
            "type": "mesh",
            "smooth": true,
            "backface_culling": false,
            "recompute_normals": false,
            "file": "models/Mesh002.wo3",
            "bsdf": "RoughAluminium"
        },
        {
            "transform": {},
            "type": "mesh",
            "smooth": true,
            "backface_culling": false,
            "recompute_normals": false,
            "file": "models/Mesh051.wo3",
            "bsdf": "RoughSteel"
        },
        {
            "transform": {},
            "type": "mesh",
            "smooth": true,
            "backface_culling": false,
            "recompute_normals": false,
            "file": "models/Mesh001.wo3",
            "bsdf": "Glass"
        },
        {
            "transform": {},
            "type": "mesh",
            "smooth": true,
            "backface_culling": false,
            "recompute_normals": false,
            "file": "models/Mesh056.wo3",
            "bsdf": "RoughAluminium"
        },
        {
            "transform": {},
            "type": "mesh",
            "smooth": true,
            "backface_culling": false,
            "recompute_normals": false,
            "file": "models/Mesh000.wo3",
            "bsdf": "BrightPinkLeather"
        },
        {
            "transform": {},
            "type": "mesh",
            "smooth": true,
            "backface_culling": false,
            "recompute_normals": false,
            "file": "models/Mesh022.wo3",
            "bsdf": "RedLeather"
        },
        {
            "transform": {
                "position": [
                    0.0,
                    5.144720077514648,
                    1.6107900142669678
                ],
                "scale": [
                    4.099460124969482,
                    1.2728500366210938,
                    1.2728500366210938
                ],
                "rotation": [
                    0.0,
                    -179.99998474121094,
                    179.99998474121094
                ]
            },
            "emission": [
                9.0,
                9.0,
                10.0
            ],
            "type": "quad",
            "bsdf": {
                "albedo": 1.0,
                "type": "null"
            }
        },
        {
            "transform": {
                "position": [
                    0.0,
                    5.144720077514648,
                    -1.6107900142669678
                ],
                "scale": [
                    4.099460124969482,
                    1.2728500366210938,
                    1.2728500366210938
                ],
                "rotation": [
                    0.0,
                    -179.99998474121094,
                    179.99998474121094
                ]
            },
            "emission": [
                9.0,
                9.0,
                10.0
            ],
            "type": "quad",
            "bsdf": {
                "albedo": 1.0,
                "type": "null"
            }
        },
        {
            "transform": {},
            "emission": 0.3,
            "type": "infinite_sphere",
            "sample": false
        },
        {
            "transform": {
                "position": [
                    0.0,
                    39.20000076293945,
                    -30.20800018310547
                ],
                "scale": 78.4719009399414,
                "rotation": [
                    -90.0,
                    0.0,
                    0.0
                ]
            },
            "type": "quad",
            "bsdf": "Backdrop"
        }
    ],
    "camera": {
        "tonemap": "filmic",
        "resolution": [
            1280,
            720
        ],
        "reconstruction_filter": "tent",
        "transform": {
            "position": [
                -0.5196635723114014,
                0.8170070052146912,
                3.824389696121216
            ],
            "look_at": [
                -0.0668703019618988,
                0.6448959708213806,
                0.5292789936065674
            ],
            "up": [
                0.0,
                1.0,
                0.0
            ]
        },
        "type": "pinhole",
        "fov": 60.0
    },
    "integrator": {
        "min_bounces": 0,
        "max_bounces": 64,
        "enable_consistency_checks": false,
        "enable_two_sided_shading": true,
        "type": "path_tracer",
        "enable_light_sampling": true,
        "enable_volume_light_sampling": true
    },
    "renderer": {
        "overwrite_output_files": true,
        "adaptive_sampling": true,
        "enable_resume_render": false,
        "stratified_sampler": true,
        "scene_bvh": true,
        "spp": 64,
        "spp_step": 16,
        "checkpoint_interval": "0",
        "timeout": "0",
        "output_file": "spaceship.png",
        "resume_render_file": "TungstenRenderState.dat",
        "hdr_output_file": "spaceship.exr"
    }
}