{
    "media": [],
    "bsdfs": [
        {
            "name": "CarPaint",
            "albedo": 1.0,
            "type": "smooth_coat",
            "ior": 1.3,
            "thickness": 1.0,
            "sigma_a": [
                1.3668800592422485,
                0.9261429905891418,
                2.014899969100952
            ],
            "substrate": {
                "albedo": 1.0,
                "type": "rough_conductor",
                "distribution": "ggx",
                "roughness": 0.1,
                "material": "Al"
            }
        },
        {
            "name": "WindowGlass",
            "albedo": 1.0,
            "type": "thinsheet",
            "ior": 1.5,
            "enable_interference": false,
            "thickness": 0.5,
            "sigma_a": 0.0
        },
        {
            "name": "Chrome",
            "albedo": 1.0,
            "type": "rough_conductor",
            "distribution": "ggx",
            "roughness": 0.1,
            "material": "Cr"
        },
        {
            "name": "BlackRubber",
            "albedo": 0.028991,
            "type": "rough_plastic",
            "ior": 1.5,
            "thickness": 1.0,
            "sigma_a": 0.0,
            "distribution": "ggx",
            "roughness": 0.4
        },
        {
            "name": "Steel",
            "albedo": 1.0,
            "type": "mirror"
        },
        {
            "name": "WhiteRubber",
            "albedo": 0.578596,
            "type": "lambert"
        },
        {
            "name": "Ground",
            "albedo": 0.07074,
            "type": "lambert"
        },
        {
            "name": "Black",
            "albedo": 1.0,
            "type": "null"
        },
        {
            "name": "Leather",
            "albedo": [
                0.4170039892196655,
                0.4032779932022095,
                0.3919239938259125
            ],
            "type": "rough_plastic",
            "ior": 1.5,
            "thickness": 1.0,
            "sigma_a": 0.0,
            "distribution": "ggx",
            "roughness": 0.4
        },
        {
            "name": "Leather2",
            "albedo": 0.612066,
            "type": "rough_plastic",
            "ior": 1.5,
            "thickness": 1.0,
            "sigma_a": 0.0,
            "distribution": "ggx",
            "roughness": 0.3
        },
        {
            "name": "InnerBody",
            "albedo": 0.028991,
            "type": "lambert"
        },
        {
            "name": "Dash",
            "albedo": 0.434446,
            "type": "rough_plastic",
            "ior": 1.5,
            "thickness": 1.0,
            "sigma_a": 0.0,
            "distribution": "ggx",
            "roughness": 0.1
        },
        {
            "name": "Cabin",
            "albedo": 0.531049,
            "type": "lambert"
        }
    ],
    "primitives": [
        {
            "transform": {},
            "type": "mesh",
            "smooth": true,
            "backface_culling": false,
            "recompute_normals": false,
            "file": "models/Mesh032.wo3",
            "bsdf": "BlackRubber"
        },
        {
            "transform": {},
            "type": "mesh",
            "smooth": true,
            "backface_culling": false,
            "recompute_normals": false,
            "file": "models/Mesh025.wo3",
            "bsdf": "WhiteRubber"
        },
        {
            "transform": {},
            "type": "mesh",
            "smooth": true,
            "backface_culling": false,
            "recompute_normals": false,
            "file": "models/Mesh031.wo3",
            "bsdf": "Chrome"
        },
        {
            "transform": {},
            "type": "mesh",
            "smooth": true,
            "backface_culling": false,
            "recompute_normals": false,
            "file": "models/Mesh022.wo3",
            "bsdf": "Chrome"
        },
        {
            "transform": {},
            "type": "mesh",
            "smooth": true,
            "backface_culling": false,
            "recompute_normals": false,
            "file": "models/Mesh034.wo3",
            "bsdf": "Ground"
        },
        {
            "transform": {},
            "type": "mesh",
            "smooth": true,
            "backface_culling": false,
            "recompute_normals": false,
            "file": "models/Mesh048.wo3",
            "bsdf": "InnerBody"
        },
        {
            "transform": {},
            "type": "mesh",
            "smooth": true,
            "backface_culling": false,
            "recompute_normals": false,
            "file": "models/Mesh030.wo3",
            "bsdf": "Steel"
        },
        {
            "transform": {},
            "type": "mesh",
            "smooth": true,
            "backface_culling": false,
            "recompute_normals": false,
            "file": "models/Mesh040.wo3",
            "bsdf": "Chrome"
        },
        {
            "transform": {},
            "type": "mesh",
            "smooth": true,
            "backface_culling": false,
            "recompute_normals": false,
            "file": "models/Mesh023.wo3",
            "bsdf": "Leather"
        },
        {
            "transform": {},
            "type": "mesh",
            "smooth": true,
            "backface_culling": false,
            "recompute_normals": false,
            "file": "models/Mesh015.wo3",
            "bsdf": "Steel"
        },
        {
            "transform": {},
            "type": "mesh",
            "smooth": true,
            "backface_culling": false,
            "recompute_normals": false,
            "file": "models/Mesh038.wo3",
            "bsdf": "Steel"
        },
        {
            "transform": {},
            "type": "mesh",
            "smooth": true,
            "backface_culling": false,
            "recompute_normals": false,
            "file": "models/Mesh027.wo3",
            "bsdf": "Leather2"
        },
        {
            "transform": {},
            "type": "mesh",
            "smooth": true,
            "backface_culling": false,
            "recompute_normals": false,
            "file": "models/Mesh036.wo3",
            "bsdf": "Steel"
        },
        {
            "transform": {},
            "type": "mesh",
            "smooth": true,
            "backface_culling": false,
            "recompute_normals": false,
            "file": "models/Mesh054.wo3",
            "bsdf": "Steel"
        },
        {
            "transform": {},
            "type": "mesh",
            "smooth": true,
            "backface_culling": false,
            "recompute_normals": false,
            "file": "models/Mesh026.wo3",
            "bsdf": "Steel"
        },
        {
            "transform": {},
            "type": "mesh",
            "smooth": true,
            "backface_culling": false,
            "recompute_normals": false,
            "file": "models/Mesh028.wo3",
            "bsdf": "Chrome"
        },
        {
            "transform": {},
            "type": "mesh",
            "smooth": true,
            "backface_culling": false,
            "recompute_normals": false,
            "file": "models/Mesh046.wo3",
            "bsdf": "CarPaint"
        },
        {
            "transform": {},
            "type": "mesh",
            "smooth": true,
            "backface_culling": false,
            "recompute_normals": false,
            "file": "models/Mesh019.wo3",
            "bsdf": "InnerBody"
        },
        {
            "transform": {},
            "type": "mesh",
            "smooth": true,
            "backface_culling": false,
            "recompute_normals": false,
            "file": "models/Mesh017.wo3",
            "bsdf": "WindowGlass"
        },
        {
            "transform": {},
            "type": "mesh",
            "smooth": true,
            "backface_culling": false,
            "recompute_normals": false,
            "file": "models/Mesh014.wo3",
            "bsdf": "BlackRubber"
        },
        {
            "transform": {},
            "type": "mesh",
            "smooth": true,
            "backface_culling": false,
            "recompute_normals": false,
            "file": "models/Mesh013.wo3",
            "bsdf": "WhiteRubber"
        },
        {
            "transform": {},
            "type": "mesh",
            "smooth": true,
            "backface_culling": false,
            "recompute_normals": false,
            "file": "models/Mesh035.wo3",
            "bsdf": "Chrome"
        },
        {
            "transform": {},
            "type": "mesh",
            "smooth": true,
            "backface_culling": false,
            "recompute_normals": false,
            "file": "models/Mesh042.wo3",
            "bsdf": "Chrome"
        },
        {
            "transform": {},
            "type": "mesh",
            "smooth": true,
            "backface_culling": false,
            "recompute_normals": false,
            "file": "models/Mesh029.wo3",
            "bsdf": "Black"
        },
        {
            "transform": {},
            "type": "mesh",
            "smooth": true,
            "backface_culling": false,
            "recompute_normals": false,
            "file": "models/Mesh018.wo3",
            "bsdf": "Steel"
        },
        {
            "transform": {},
            "type": "mesh",
            "smooth": true,
            "backface_culling": false,
            "recompute_normals": false,
            "file": "models/Mesh024.wo3",
            "bsdf": "Chrome"
        },
        {
            "transform": {},
            "type": "mesh",
            "smooth": true,
            "backface_culling": false,
            "recompute_normals": false,
            "file": "models/Mesh041.wo3",
            "bsdf": "Chrome"
        },
        {
            "transform": {},
            "type": "mesh",
            "smooth": true,
            "backface_culling": false,
            "recompute_normals": false,
            "file": "models/Mesh044.wo3",
            "bsdf": "CarPaint"
        },
        {
            "transform": {},
            "type": "mesh",
            "smooth": true,
            "backface_culling": false,
            "recompute_normals": false,
            "file": "models/Mesh045.wo3",
            "bsdf": "Steel"
        },
        {
            "transform": {},
            "type": "mesh",
            "smooth": true,
            "backface_culling": false,
            "recompute_normals": false,
            "file": "models/Mesh058.wo3",
            "bsdf": "Steel"
        },
        {
            "transform": {},
            "type": "mesh",
            "smooth": true,
            "backface_culling": false,
            "recompute_normals": false,
            "file": "models/Mesh047.wo3",
            "bsdf": "CarPaint"
        },
        {
            "transform": {},
            "type": "mesh",
            "smooth": true,
            "backface_culling": false,
            "recompute_normals": false,
            "file": "models/Mesh021.wo3",
            "bsdf": "Chrome"
        },
        {
            "transform": {},
            "type": "mesh",
            "smooth": true,
            "backface_culling": false,
            "recompute_normals": false,
            "file": "models/Mesh037.wo3",
            "bsdf": "Steel"
        },
        {
            "transform": {},
            "type": "mesh",
            "smooth": true,
            "backface_culling": false,
            "recompute_normals": false,
            "file": "models/Mesh049.wo3",
            "bsdf": "Steel"
        },
        {
            "transform": {},
            "type": "mesh",
            "smooth": true,
            "backface_culling": false,
            "recompute_normals": false,
            "file": "models/Mesh050.wo3",
            "bsdf": "Steel"
        },
        {
            "transform": {},
            "type": "mesh",
            "smooth": true,
            "backface_culling": false,
            "recompute_normals": false,
            "file": "models/Mesh043.wo3",
            "bsdf": "Steel"
        },
        {
            "transform": {},
            "type": "mesh",
            "smooth": true,
            "backface_culling": false,
            "recompute_normals": false,
            "file": "models/Mesh051.wo3",
            "bsdf": "Steel"
        },
        {
            "transform": {},
            "type": "mesh",
            "smooth": true,
            "backface_culling": false,
            "recompute_normals": false,
            "file": "models/Mesh052.wo3",
            "bsdf": "Steel"
        },
        {
            "transform": {},
            "type": "mesh",
            "smooth": true,
            "backface_culling": false,
            "recompute_normals": false,
            "file": "models/Mesh053.wo3",
            "bsdf": "Chrome"
        },
        {
            "transform": {},
            "type": "mesh",
            "smooth": true,
            "backface_culling": false,
            "recompute_normals": false,
            "file": "models/Mesh033.wo3",
            "bsdf": "Steel"
        },
        {
            "transform": {},
            "type": "mesh",
            "smooth": true,
            "backface_culling": false,
            "recompute_normals": false,
            "file": "models/Mesh055.wo3",
            "bsdf": "Steel"
        },
        {
            "transform": {},
            "type": "mesh",
            "smooth": true,
            "backface_culling": false,
            "recompute_normals": false,
            "file": "models/Mesh060.wo3",
            "bsdf": "CarPaint"
        },
        {
            "transform": {},
            "type": "mesh",
            "smooth": true,
            "backface_culling": false,
            "recompute_normals": false,
            "file": "models/Mesh059.wo3",
            "bsdf": "Dash"
        },
        {
            "transform": {},
            "type": "mesh",
            "smooth": true,
            "backface_culling": false,
            "recompute_normals": false,
            "file": "models/Mesh020.wo3",
            "bsdf": "Black"
        },
        {
            "transform": {},
            "type": "mesh",
            "smooth": true,
            "backface_culling": false,
            "recompute_normals": false,
            "file": "models/Mesh061.wo3",
            "bsdf": "Cabin"
        },
        {
            "transform": {},
            "type": "mesh",
            "smooth": true,
            "backface_culling": false,
            "recompute_normals": false,
            "file": "models/Mesh062.wo3",
            "bsdf": "CarPaint"
        },
        {
            "transform": {},
            "type": "mesh",
            "smooth": true,
            "backface_culling": false,
            "recompute_normals": false,
            "file": "models/Mesh012.wo3",
            "bsdf": "CarPaint"
        },
        {
            "transform": {},
            "type": "mesh",
            "smooth": true,
            "backface_culling": false,
            "recompute_normals": false,
            "file": "models/Mesh016.wo3",
            "bsdf": "WindowGlass"
        },
        {
            "transform": {},
            "type": "mesh",
            "smooth": true,
            "backface_culling": false,
            "recompute_normals": false,
            "file": "models/Mesh011.wo3",
            "bsdf": "Steel"
        },
        {
            "transform": {},
            "type": "mesh",
            "smooth": true,
            "backface_culling": false,
            "recompute_normals": false,
            "file": "models/Mesh010.wo3",
            "bsdf": "Steel"
        },
        {
            "transform": {},
            "type": "mesh",
            "smooth": true,
            "backface_culling": false,
            "recompute_normals": false,
            "file": "models/Mesh007.wo3",
            "bsdf": "Steel"
        },
        {
            "transform": {},
            "type": "mesh",
            "smooth": true,
            "backface_culling": false,
            "recompute_normals": false,
            "file": "models/Mesh006.wo3",
            "bsdf": "Steel"
        },
        {
            "transform": {},
            "type": "mesh",
            "smooth": true,
            "backface_culling": false,
            "recompute_normals": false,
            "file": "models/Mesh004.wo3",
            "bsdf": "WindowGlass"
        },
        {
            "transform": {},
            "type": "mesh",
            "smooth": true,
            "backface_culling": false,
            "recompute_normals": false,
            "file": "models/Mesh003.wo3",
            "bsdf": "WindowGlass"
        },
        {
            "transform": {},
            "type": "mesh",
            "smooth": true,
            "backface_culling": false,
            "recompute_normals": false,
            "file": "models/Mesh005.wo3",
            "bsdf": "Steel"
        },
        {
            "transform": {},
            "type": "mesh",
            "smooth": true,
            "backface_culling": false,
            "recompute_normals": false,
            "file": "models/Mesh039.wo3",
            "bsdf": "InnerBody"
        },
        {
            "transform": {},
            "type": "mesh",
            "smooth": true,
            "backface_culling": false,
            "recompute_normals": false,
            "file": "models/Mesh057.wo3",
            "bsdf": "Chrome"
        },
        {
            "transform": {},
            "type": "mesh",
            "smooth": true,
            "backface_culling": false,
            "recompute_normals": false,
            "file": "models/Mesh009.wo3",
            "bsdf": "Steel"
        },
        {
            "transform": {},
            "type": "mesh",
            "smooth": true,
            "backface_culling": false,
            "recompute_normals": false,
            "file": "models/Mesh008.wo3",
            "bsdf": "Steel"
        },
        {
            "transform": {},
            "type": "mesh",
            "smooth": true,
            "backface_culling": false,
            "recompute_normals": false,
            "file": "models/Mesh056.wo3",
            "bsdf": "Steel"
        },
        {
            "transform": {},
            "type": "mesh",
            "smooth": true,
            "backface_culling": false,
            "recompute_normals": false,
            "file": "models/Mesh002.wo3",
            "bsdf": "Steel"
        },
        {
            "transform": {},
            "type": "mesh",
            "smooth": true,
            "backface_culling": false,
            "recompute_normals": false,
            "file": "models/Mesh001.wo3",
            "bsdf": "Steel"
        },
        {
            "transform": {},
            "type": "mesh",
            "smooth": true,
            "backface_culling": false,
            "recompute_normals": false,
            "file": "models/Mesh000.wo3",
            "bsdf": "Steel"
        },
        {
            "transform": {
                "rotation": [
                    0.0,
                    133.88800048828125,
                    0.0
                ]
            },
            "emission": {
                "type": "bitmap",
                "gamma_correct": true,
                "interpolate": true,
                "clamp": false,
                "scale": 1.5,
                "file": "textures/envmap.exr"
            },
            "type": "infinite_sphere",
            "sample": true
        }
    ],
    "camera": {
        "tonemap": "filmic",
        "resolution": [
            1280,
            720
        ],
        "reconstruction_filter": "tent",
        "transform": {
            "position": [
                -8.83707046508789,
                5.837699890136719,
                14.620699882507324
            ],
            "look_at": [
                -1.8855600357055664,
                1.7409499883651733,
                2.2357900142669678
            ],
            "up": [
                0.0,
                1.0,
                0.0
            ]
        },
        "type": "pinhole",
        "fov": 35.0
    },
    "integrator": {
        "min_bounces": 0,
        "max_bounces": 64,
        "enable_consistency_checks": false,
        "enable_two_sided_shading": true,
        "type": "path_tracer",
        "enable_light_sampling": true,
        "enable_volume_light_sampling": true
    },
    "renderer": {
        "overwrite_output_files": true,
        "adaptive_sampling": true,
        "enable_resume_render": false,
        "stratified_sampler": true,
        "scene_bvh": true,
        "spp": 64,
        "spp_step": 16,
        "checkpoint_interval": "0",
        "timeout": "0",
        "output_file": "car2.png",
        "resume_render_file": "TungstenRenderState.dat",
        "hdr_output_file": "car2.exr"
    }
}