{
    "media": [],
    "bsdfs": [
        {
            "name": "Dirt",
            "albedo": [
                0.09850399941205978,
                0.04596799984574318,
                0.03588699921965599
            ],
            "type": "lambert"
        },
        {
            "name": "Floor",
            "albedo": "textures/wood.jpg",
            "type": "rough_plastic",
            "ior": 1.5,
            "thickness": 1.0,
            "sigma_a": 0.0,
            "distribution": "ggx",
            "roughness": 0.15
        },
        {
            "name": "TableWood",
            "albedo": "textures/wood5.jpg",
            "type": "rough_plastic",
            "ior": 1.5,
            "thickness": 1.0,
            "sigma_a": 0.0,
            "distribution": "ggx",
            "roughness": 0.05
        },
        {
            "name": "Sofa",
            "albedo": 1.0,
            "type": "lambert"
        },
        {
            "name": "SofaLegs",
            "albedo": 0.1,
            "type": "lambert"
        },
        {
            "name": "Walls",
            "albedo": 0.1,
            "type": "lambert"
        },
        {
            "name": "Paneling",
            "albedo": 0.8,
            "type": "rough_plastic",
            "ior": 1.5,
            "thickness": 1.0,
            "sigma_a": 0.0,
            "distribution": "ggx",
            "roughness": 0.2
        },
        {
            "name": "Mirror",
            "albedo": 0.578596,
            "type": "mirror"
        },
        {
            "name": "BrushedStainlessSteel",
            "albedo": 0.578596,
            "type": "rough_conductor",
            "distribution": "ggx",
            "roughness": 0.02,
            "material": "Al"
        },
        {
            "name": "MattePaint",
            "albedo": 0.578596,
            "type": "lambert"
        },
        {
            "name": "Painting",
            "albedo": "textures/picture8.jpg",
            "type": "lambert"
        },
        {
            "name": "PaintingBack",
            "albedo": [
                0.25999999046325684,
                0.25,
                0.14000000059604645
            ],
            "type": "lambert"
        },
        {
            "name": "Glass",
            "albedo": 1.0,
            "type": "dielectric",
            "ior": 1.5,
            "enable_refraction": true
        },
        {
            "name": "PlantPot",
            "albedo": 0.1,
            "type": "oren_nayar",
            "roughness": 1.0
        },
        {
            "name": "FireplaceGlass",
            "albedo": 0.1,
            "type": "mirror"
        },
        {
            "name": "Transluscent",
            "albedo": 0.9,
            "type": "lambert"
        },
        {
            "name": "Leaves",
            "albedo": 1.0,
            "type": "transparency",
            "base": {
                "albedo": "textures/leaf.png",
                "type": "lambert"
            },
            "alpha": "textures/leaf.png"
        },
        {
            "name": "Branches",
            "albedo": [
                0.160443514585495,
                0.08241420984268188,
                0.019917838275432587
            ],
            "type": "lambert"
        },
        {
            "name": "BottleCap",
            "albedo": [
                0.4562634229660034,
                0.0,
                0.0
            ],
            "type": "lambert"
        }
    ],
    "primitives": [
        {
            "transform": {},
            "type": "mesh",
            "smooth": true,
            "backface_culling": false,
            "recompute_normals": false,
            "file": "models/Mesh038.wo3",
            "bsdf": "Paneling"
        },
        {
            "transform": {},
            "type": "mesh",
            "smooth": false,
            "backface_culling": false,
            "recompute_normals": false,
            "file": "models/Mesh036.wo3",
            "bsdf": "Transluscent"
        },
        {
            "transform": {},
            "type": "mesh",
            "smooth": false,
            "backface_culling": false,
            "recompute_normals": false,
            "file": "models/Mesh035.wo3",
            "bsdf": "MattePaint"
        },
        {
            "transform": {},
            "type": "mesh",
            "smooth": true,
            "backface_culling": false,
            "recompute_normals": false,
            "file": "models/Mesh041.wo3",
            "bsdf": "BrushedStainlessSteel"
        },
        {
            "transform": {},
            "type": "mesh",
            "smooth": false,
            "backface_culling": false,
            "recompute_normals": false,
            "file": "models/Mesh040.wo3",
            "bsdf": "Transluscent"
        },
        {
            "transform": {},
            "type": "mesh",
            "smooth": false,
            "backface_culling": false,
            "recompute_normals": false,
            "file": "models/Mesh028.wo3",
            "bsdf": "MattePaint"
        },
        {
            "transform": {},
            "type": "mesh",
            "smooth": true,
            "backface_culling": false,
            "recompute_normals": false,
            "file": "models/Mesh022.wo3",
            "bsdf": "BrushedStainlessSteel"
        },
        {
            "transform": {},
            "type": "mesh",
            "smooth": true,
            "backface_culling": false,
            "recompute_normals": false,
            "file": "models/Mesh020.wo3",
            "bsdf": "PlantPot"
        },
        {
            "transform": {},
            "type": "mesh",
            "smooth": true,
            "backface_culling": false,
            "recompute_normals": false,
            "file": "models/Mesh026.wo3",
            "bsdf": "Dirt"
        },
        {
            "transform": {},
            "type": "mesh",
            "smooth": true,
            "backface_culling": false,
            "recompute_normals": false,
            "file": "models/Mesh018.wo3",
            "bsdf": "Branches"
        },
        {
            "transform": {},
            "type": "mesh",
            "smooth": true,
            "backface_culling": false,
            "recompute_normals": false,
            "file": "models/Mesh025.wo3",
            "bsdf": "Leaves"
        },
        {
            "transform": {},
            "type": "mesh",
            "smooth": true,
            "backface_culling": false,
            "recompute_normals": false,
            "file": "models/Mesh060.wo3",
            "bsdf": "Branches"
        },
        {
            "transform": {},
            "type": "mesh",
            "smooth": true,
            "backface_culling": false,
            "recompute_normals": false,
            "file": "models/Mesh032.wo3",
            "bsdf": "Leaves"
        },
        {
            "transform": {},
            "type": "mesh",
            "smooth": true,
            "backface_culling": false,
            "recompute_normals": false,
            "file": "models/Mesh016.wo3",
            "bsdf": "BrushedStainlessSteel"
        },
        {
            "transform": {},
            "type": "mesh",
            "smooth": true,
            "backface_culling": false,
            "recompute_normals": false,
            "file": "models/Mesh015.wo3",
            "bsdf": "BrushedStainlessSteel"
        },
        {
            "transform": {},
            "type": "mesh",
            "smooth": false,
            "backface_culling": false,
            "recompute_normals": false,
            "file": "models/Mesh029.wo3",
            "bsdf": "Paneling"
        },
        {
            "transform": {},
            "type": "mesh",
            "smooth": true,
            "backface_culling": false,
            "recompute_normals": false,
            "file": "models/Mesh043.wo3",
            "bsdf": "Paneling"
        },
        {
            "transform": {},
            "type": "mesh",
            "smooth": false,
            "backface_culling": false,
            "recompute_normals": false,
            "file": "models/Mesh033.wo3",
            "bsdf": "Paneling"
        },
        {
            "transform": {},
            "type": "mesh",
            "smooth": false,
            "backface_culling": false,
            "recompute_normals": false,
            "file": "models/Mesh046.wo3",
            "bsdf": "Paneling"
        },
        {
            "transform": {},
            "type": "mesh",
            "smooth": true,
            "backface_culling": false,
            "recompute_normals": false,
            "file": "models/Mesh049.wo3",
            "bsdf": "BrushedStainlessSteel"
        },
        {
            "transform": {},
            "type": "mesh",
            "smooth": false,
            "backface_culling": false,
            "recompute_normals": false,
            "file": "models/Mesh039.wo3",
            "bsdf": "Paneling"
        },
        {
            "transform": {},
            "type": "mesh",
            "smooth": true,
            "backface_culling": false,
            "recompute_normals": false,
            "file": "models/Mesh027.wo3",
            "bsdf": "Paneling"
        },
        {
            "transform": {},
            "type": "mesh",
            "smooth": true,
            "backface_culling": false,
            "recompute_normals": false,
            "file": "models/Mesh050.wo3",
            "bsdf": "Paneling"
        },
        {
            "transform": {},
            "type": "mesh",
            "smooth": true,
            "backface_culling": false,
            "recompute_normals": false,
            "file": "models/Mesh052.wo3",
            "bsdf": "BrushedStainlessSteel"
        },
        {
            "transform": {},
            "type": "mesh",
            "smooth": true,
            "backface_culling": false,
            "recompute_normals": false,
            "file": "models/Mesh048.wo3",
            "bsdf": "Paneling"
        },
        {
            "transform": {},
            "type": "mesh",
            "smooth": true,
            "backface_culling": false,
            "recompute_normals": false,
            "file": "models/Mesh024.wo3",
            "bsdf": "Paneling"
        },
        {
            "transform": {},
            "type": "mesh",
            "smooth": true,
            "backface_culling": false,
            "recompute_normals": false,
            "file": "models/Mesh054.wo3",
            "bsdf": "Walls"
        },
        {
            "transform": {},
            "type": "mesh",
            "smooth": true,
            "backface_culling": false,
            "recompute_normals": false,
            "file": "models/Mesh055.wo3",
            "bsdf": "Paneling"
        },
        {
            "transform": {},
            "type": "mesh",
            "smooth": false,
            "backface_culling": false,
            "recompute_normals": false,
            "file": "models/Mesh056.wo3",
            "bsdf": "FireplaceGlass"
        },
        {
            "transform": {},
            "type": "mesh",
            "smooth": false,
            "backface_culling": false,
            "recompute_normals": false,
            "file": "models/Mesh045.wo3",
            "bsdf": "Mirror"
        },
        {
            "transform": {},
            "type": "mesh",
            "smooth": false,
            "backface_culling": false,
            "recompute_normals": false,
            "file": "models/Mesh063.wo3",
            "bsdf": "Paneling"
        },
        {
            "transform": {},
            "type": "mesh",
            "smooth": true,
            "backface_culling": false,
            "recompute_normals": false,
            "file": "models/Mesh057.wo3",
            "bsdf": "MattePaint"
        },
        {
            "transform": {},
            "type": "mesh",
            "smooth": true,
            "backface_culling": false,
            "recompute_normals": false,
            "file": "models/Mesh019.wo3",
            "bsdf": "Floor"
        },
        {
            "transform": {},
            "type": "mesh",
            "smooth": true,
            "backface_culling": false,
            "recompute_normals": false,
            "file": "models/Mesh059.wo3",
            "bsdf": "Walls"
        },
        {
            "transform": {},
            "type": "mesh",
            "smooth": true,
            "backface_culling": false,
            "recompute_normals": false,
            "file": "models/Mesh042.wo3",
            "bsdf": "MattePaint"
        },
        {
            "transform": {},
            "type": "mesh",
            "smooth": false,
            "backface_culling": false,
            "recompute_normals": false,
            "file": "models/Mesh051.wo3",
            "bsdf": "Paneling"
        },
        {
            "transform": {},
            "type": "mesh",
            "smooth": true,
            "backface_culling": false,
            "recompute_normals": false,
            "file": "models/Mesh061.wo3",
            "bsdf": "Paneling"
        },
        {
            "transform": {},
            "type": "mesh",
            "smooth": true,
            "backface_culling": false,
            "recompute_normals": false,
            "file": "models/Mesh047.wo3",
            "bsdf": "Sofa"
        },
        {
            "transform": {},
            "type": "mesh",
            "smooth": true,
            "backface_culling": false,
            "recompute_normals": false,
            "file": "models/Mesh062.wo3",
            "bsdf": "Sofa"
        },
        {
            "transform": {},
            "type": "mesh",
            "smooth": true,
            "backface_culling": false,
            "recompute_normals": false,
            "file": "models/Mesh064.wo3",
            "bsdf": "Sofa"
        },
        {
            "transform": {},
            "type": "mesh",
            "smooth": true,
            "backface_culling": false,
            "recompute_normals": false,
            "file": "models/Mesh014.wo3",
            "bsdf": "Sofa"
        },
        {
            "transform": {},
            "type": "mesh",
            "smooth": true,
            "backface_culling": false,
            "recompute_normals": false,
            "file": "models/Mesh013.wo3",
            "bsdf": "Sofa"
        },
        {
            "transform": {},
            "type": "mesh",
            "smooth": true,
            "backface_culling": false,
            "recompute_normals": false,
            "file": "models/Mesh034.wo3",
            "bsdf": "Sofa"
        },
        {
            "transform": {},
            "type": "mesh",
            "smooth": true,
            "backface_culling": false,
            "recompute_normals": false,
            "file": "models/Mesh021.wo3",
            "bsdf": "SofaLegs"
        },
        {
            "transform": {},
            "type": "mesh",
            "smooth": true,
            "backface_culling": false,
            "recompute_normals": false,
            "file": "models/Mesh012.wo3",
            "bsdf": "MattePaint"
        },
        {
            "transform": {},
            "type": "mesh",
            "smooth": true,
            "backface_culling": false,
            "recompute_normals": false,
            "file": "models/Mesh011.wo3",
            "bsdf": "MattePaint"
        },
        {
            "transform": {},
            "type": "mesh",
            "smooth": true,
            "backface_culling": false,
            "recompute_normals": false,
            "file": "models/Mesh053.wo3",
            "bsdf": "MattePaint"
        },
        {
            "transform": {},
            "type": "mesh",
            "smooth": true,
            "backface_culling": false,
            "recompute_normals": false,
            "file": "models/Mesh010.wo3",
            "bsdf": "PlantPot"
        },
        {
            "transform": {},
            "type": "mesh",
            "smooth": true,
            "backface_culling": false,
            "recompute_normals": false,
            "file": "models/Mesh009.wo3",
            "bsdf": "Dirt"
        },
        {
            "transform": {},
            "type": "mesh",
            "smooth": true,
            "backface_culling": false,
            "recompute_normals": false,
            "file": "models/Mesh017.wo3",
            "bsdf": "Branches"
        },
        {
            "transform": {},
            "type": "mesh",
            "smooth": true,
            "backface_culling": false,
            "recompute_normals": false,
            "file": "models/Mesh058.wo3",
            "bsdf": "Leaves"
        },
        {
            "transform": {},
            "type": "mesh",
            "smooth": true,
            "backface_culling": false,
            "recompute_normals": false,
            "file": "models/Mesh008.wo3",
            "bsdf": "Branches"
        },
        {
            "transform": {},
            "type": "mesh",
            "smooth": true,
            "backface_culling": false,
            "recompute_normals": false,
            "file": "models/Mesh007.wo3",
            "bsdf": "Leaves"
        },
        {
            "transform": {},
            "type": "mesh",
            "smooth": false,
            "backface_culling": false,
            "recompute_normals": false,
            "file": "models/Mesh023.wo3",
            "bsdf": "Painting"
        },
        {
            "transform": {},
            "type": "mesh",
            "smooth": false,
            "backface_culling": false,
            "recompute_normals": false,
            "file": "models/Mesh006.wo3",
            "bsdf": "MattePaint"
        },
        {
            "transform": {},
            "type": "mesh",
            "smooth": false,
            "backface_culling": false,
            "recompute_normals": false,
            "file": "models/Mesh005.wo3",
            "bsdf": "PaintingBack"
        },
        {
            "transform": {},
            "type": "mesh",
            "smooth": false,
            "backface_culling": false,
            "recompute_normals": false,
            "file": "models/Mesh004.wo3",
            "bsdf": "TableWood"
        },
        {
            "transform": {},
            "type": "mesh",
            "smooth": true,
            "backface_culling": false,
            "recompute_normals": false,
            "file": "models/Mesh003.wo3",
            "bsdf": "TableWood"
        },
        {
            "transform": {
                "position": [
                    0.634814977645874,
                    0.0,
                    -0.15144085884094238
                ]
            },
            "type": "mesh",
            "smooth": true,
            "backface_culling": false,
            "recompute_normals": false,
            "file": "models/Mesh002.wo3",
            "bsdf": "Glass"
        },
        {
            "transform": {
                "position": [
                    0.634814977645874,
                    0.0,
                    -0.15144085884094238
                ]
            },
            "type": "mesh",
            "smooth": true,
            "backface_culling": false,
            "recompute_normals": false,
            "file": "models/Mesh001.wo3",
            "bsdf": "BottleCap"
        },
        {
            "transform": {
                "position": [
                    0.634814977645874,
                    0.0,
                    -0.19560909271240234
                ]
            },
            "type": "mesh",
            "smooth": true,
            "backface_culling": false,
            "recompute_normals": false,
            "file": "models/Mesh030.wo3",
            "bsdf": "Glass"
        },
        {
            "transform": {
                "position": [
                    0.634814977645874,
                    0.0,
                    -0.19560909271240234
                ]
            },
            "type": "mesh",
            "smooth": true,
            "backface_culling": false,
            "recompute_normals": false,
            "file": "models/Mesh044.wo3",
            "bsdf": "Glass"
        },
        {
            "transform": {
                "position": [
                    0.634814977645874,
                    0.0,
                    -0.19560909271240234
                ]
            },
            "type": "mesh",
            "smooth": true,
            "backface_culling": false,
            "recompute_normals": false,
            "file": "models/Mesh000.wo3",
            "bsdf": "TableWood"
        },
        {
            "transform": {
                "position": [
                    0.634814977645874,
                    0.0,
                    -0.19560909271240234
                ]
            },
            "type": "mesh",
            "smooth": true,
            "backface_culling": false,
            "recompute_normals": false,
            "file": "models/Mesh037.wo3",
            "bsdf": "TableWood"
        },
        {
            "transform": {
                "position": [
                    0.634814977645874,
                    0.0,
                    -0.19560909271240234
                ]
            },
            "type": "mesh",
            "smooth": true,
            "backface_culling": false,
            "recompute_normals": false,
            "file": "models/Mesh031.wo3",
            "bsdf": "TableWood"
        },
        {
            "transform": {},
            "emission": "textures/Sky 19.exr",
            "type": "infinite_sphere",
            "sample": true
        }
    ],
    "camera": {
        "tonemap": "filmic",
        "resolution": [
            1280,
            720
        ],
        "reconstruction_filter": "tent",
        "transform": {
            "position": [
                5.105184555053711,
                0.7310651540756226,
                -2.3178906440734863
            ],
            "look_at": [
                1.452592134475708,
                1.0136401653289795,
                -1.3172874450683594
            ],
            "up": [
                0.0,
                1.0,
                0.0
            ]
        },
        "type": "pinhole",
        "fov": 90.0
    },
    "integrator": {
        "min_bounces": 0,
        "max_bounces": 64,
        "enable_consistency_checks": false,
        "enable_two_sided_shading": true,
        "type": "path_tracer",
        "enable_light_sampling": true,
        "enable_volume_light_sampling": true
    },
    "renderer": {
        "overwrite_output_files": true,
        "adaptive_sampling": true,
        "enable_resume_render": false,
        "stratified_sampler": true,
        "scene_bvh": true,
        "spp": 64,
        "spp_step": 16,
        "checkpoint_interval": "0",
        "timeout": "0",
        "output_file": "living-room.png",
        "resume_render_file": "TungstenRenderState.dat",
        "hdr_output_file": "living-room.exr"
    }
}